{
  "temperature_control": false,
  "epsilon": null,
  "sigma": 0.07,
  "lennard_jones_forces": true,
  "coulomb_forces": false,
  "width": 5,
  "height": 5,
  "atoms": {
    "X": [
      0.0683609245786,
      0.0683609245786,
      0.0683609245786,
      0.0683609245786,
      0.0683609245786,
      0.0683609245786,
      0.0683609245786,
      0.136721849157,
      0.136721849157,
      0.136721849157,
      0.136721849157,
      0.136721849157,
      0.136721849157,
      0.136721849157,
      0.20508277373599998,
      0.20508277373599998,
      0.20508277373599998,
      0.20508277373599998,
      0.20508277373599998,
      0.20508277373599998,
      0.20508277373599998,
      0.273443698314,
      0.273443698314,
      0.273443698314,
      0.273443698314,
      0.273443698314,
      0.273443698314,
      0.273443698314,
      0.341804622893,
      0.341804622893,
      0.341804622893,
      0.341804622893,
      0.341804622893,
      0.341804622893,
      0.341804622893,
      0.41016554747199996,
      0.41016554747199996,
      0.41016554747199996,
      0.41016554747199996,
      0.41016554747199996,
      0.41016554747199996,
      0.41016554747199996,
      0.47852647205,
      0.47852647205,
      0.47852647205,
      0.47852647205,
      0.47852647205,
      0.47852647205,
      0.47852647205,
      0.625,
      0.625,
      0.625,
      0.625,
      0.625,
      0.625,
      0.625,
      1.25,
      1.25,
      1.25,
      1.25,
      1.25,
      1.25,
      1.25,
      1.875,
      1.875,
      1.875,
      1.875,
      1.875,
      1.875,
      1.875,
      2.5,
      2.5,
      2.5,
      2.5,
      2.5,
      2.5,
      2.5,
      3.125,
      3.125,
      3.125,
      3.125,
      3.125,
      3.125,
      3.125,
      3.75,
      3.75,
      3.75,
      3.75,
      3.75,
      3.75,
      3.75,
      4.375,
      4.375,
      4.375,
      4.375,
      4.375,
      4.375,
      4.375
    ],
    "Y": [
      4.9316390754214,
      4.8632781508430005,
      4.794917226264,
      4.726556301686,
      4.658195377107,
      4.589834452528,
      4.5214735279500005,
      4.9316390754214,
      4.8632781508430005,
      4.794917226264,
      4.726556301686,
      4.658195377107,
      4.589834452528,
      4.5214735279500005,
      4.9316390754214,
      4.8632781508430005,
      4.794917226264,
      4.726556301686,
      4.658195377107,
      4.589834452528,
      4.5214735279500005,
      4.9316390754214,
      4.8632781508430005,
      4.794917226264,
      4.726556301686,
      4.658195377107,
      4.589834452528,
      4.5214735279500005,
      4.9316390754214,
      4.8632781508430005,
      4.794917226264,
      4.726556301686,
      4.658195377107,
      4.589834452528,
      4.5214735279500005,
      4.9316390754214,
      4.8632781508430005,
      4.794917226264,
      4.726556301686,
      4.658195377107,
      4.589834452528,
      4.5214735279500005,
      4.9316390754214,
      4.8632781508430005,
      4.794917226264,
      4.726556301686,
      4.658195377107,
      4.589834452528,
      4.5214735279500005,
      2.1875,
      1.875,
      1.5625,
      1.25,
      0.9375,
      0.625,
      0.3125,
      2.1875,
      1.875,
      1.5625,
      1.25,
      0.9375,
      0.625,
      0.3125,
      2.1875,
      1.875,
      1.5625,
      1.25,
      0.9375,
      0.625,
      0.3125,
      2.1875,
      1.875,
      1.5625,
      1.25,
      0.9375,
      0.625,
      0.3125,
      2.1875,
      1.875,
      1.5625,
      1.25,
      0.9375,
      0.625,
      0.3125,
      2.1875,
      1.875,
      1.5625,
      1.25,
      0.9375,
      0.625,
      0.3125,
      2.1875,
      1.875,
      1.5625,
      1.25,
      0.9375,
      0.625,
      0.3125
    ],
    "VX": [
      0,
      0,
      0,
      0,
      0,
      0,
      0,
      0,
      0,
      0,
      0,
      0,
      0,
      0,
      0,
      0,
      0,
      0,
      0,
      0,
      0,
      0,
      0,
      0,
      0,
      0,
      0,
      0,
      0,
      0,
      0,
      0,
      0,
      0,
      0,
      0,
      0,
      0,
      0,
      0,
      0,
      0,
      0,
      0,
      0,
      0,
      0,
      0,
      0,
      0.000353373909484,
      0.000353373909484,
      0.000353373909484,
      0.000353373909484,
      0.000353373909484,
      0.000353373909484,
      0.000353373909484,
      0.000353373909484,
      0.000353373909484,
      0.000353373909484,
      0.000353373909484,
      0.000353373909484,
      0.000353373909484,
      0.000353373909484,
      0.000353373909484,
      0.000353373909484,
      0.000353373909484,
      0.000353373909484,
      0.000353373909484,
      0.000353373909484,
      0.000353373909484,
      0.000353373909484,
      0.000353373909484,
      0.000353373909484,
      0.000353373909484,
      0.000353373909484,
      0.000353373909484,
      0.000353373909484,
      0.000353373909484,
      0.000353373909484,
      0.000353373909484,
      0.000353373909484,
      0.000353373909484,
      0.000353373909484,
      0.000353373909484,
      0.000353373909484,
      0.000353373909484,
      0.000353373909484,
      0.000353373909484,
      0.000353373909484,
      0.000353373909484,
      0.000353373909484,
      0.000353373909484,
      0.000353373909484,
      0.000353373909484,
      0.000353373909484,
      0.000353373909484,
      0.000353373909484,
      0.000353373909484
    ],
    "VY": [
      0,
      0,
      0,
      0,
      0,
      0,
      0,
      0,
      0,
      0,
      0,
      0,
      0,
      0,
      0,
      0,
      0,
      0,
      0,
      0,
      0,
      0,
      0,
      0,
      0,
      0,
      0,
      0,
      0,
      0,
      0,
      0,
      0,
      0,
      0,
      0,
      0,
      0,
      0,
      0,
      0,
      0,
      0,
      0,
      0,
      0,
      0,
      0,
      0,
      0,
      0,
      0,
      0,
      0,
      0,
      0,
      0,
      0,
      0,
      0,
      0,
      0,
      0,
      0,
      0,
      0,
      0,
      0,
      0,
      0,
      0,
      0,
      0,
      0,
      0,
      0,
      0,
      0,
      0,
      0,
      0,
      0,
      0,
      0,
      0,
      0,
      0,
      0,
      0,
      0,
      0,
      0,
      0,
      0,
      0,
      0,
      0,
      0
    ],
    "CHARGE": [
      0,
      0,
      0,
      0,
      0,
      0,
      0,
      0,
      0,
      0,
      0,
      0,
      0,
      0,
      0,
      0,
      0,
      0,
      0,
      0,
      0,
      0,
      0,
      0,
      0,
      0,
      0,
      0,
      0,
      0,
      0,
      0,
      0,
      0,
      0,
      0,
      0,
      0,
      0,
      0,
      0,
      0,
      0,
      0,
      0,
      0,
      0,
      0,
      0,
      0,
      0,
      0,
      0,
      0,
      0,
      0,
      0,
      0,
      0,
      0,
      0,
      0,
      0,
      0,
      0,
      0,
      0,
      0,
      0,
      0,
      0,
      0,
      0,
      0,
      0,
      0,
      0,
      0,
      0,
      0,
      0,
      0,
      0,
      0,
      0,
      0,
      0,
      0,
      0,
      0,
      0,
      0,
      0,
      0,
      0,
      0,
      0,
      0
    ]
  }
}