{
  "temperature_control": false,
  "epsilon": null,
  "sigma": 0.07,
  "lennard_jones_forces": true,
  "coulomb_forces": false,
  "width": 5,
  "height": 5,
  "atoms": {
    "X": [
      0.0683609245786,
      0.0683609245786,
      0.0683609245786,
      0.0683609245786,
      0.0683609245786,
      0.0683609245786,
      0.0683609245786,
      0.136721849157,
      0.136721849157,
      0.136721849157,
      0.136721849157,
      0.136721849157,
      0.136721849157,
      0.136721849157,
      0.20508277373599998,
      0.20508277373599998,
      0.20508277373599998,
      0.20508277373599998,
      0.20508277373599998,
      0.20508277373599998,
      0.20508277373599998,
      0.273443698314,
      0.273443698314,
      0.273443698314,
      0.273443698314,
      0.273443698314,
      0.273443698314,
      0.273443698314,
      0.341804622893,
      0.341804622893,
      0.341804622893,
      0.341804622893,
      0.341804622893,
      0.341804622893,
      0.341804622893,
      0.41016554747199996,
      0.41016554747199996,
      0.41016554747199996,
      0.41016554747199996,
      0.41016554747199996,
      0.41016554747199996,
      0.41016554747199996,
      0.47852647205,
      0.47852647205,
      0.47852647205,
      0.47852647205,
      0.47852647205,
      0.47852647205,
      0.47852647205,
      0.625,
      0.625,
      0.625,
      0.625,
      0.625,
      0.625,
      0.625,
      1.25,
      1.25,
      1.25,
      1.25,
      1.25,
      1.25,
      1.25,
      1.875,
      1.875,
      1.875,
      1.875,
      1.875,
      1.875,
      1.875,
      2.5,
      2.5,
      2.5,
      2.5,
      2.5,
      2.5,
      2.5,
      3.125,
      3.125,
      3.125,
      3.125,
      3.125,
      3.125,
      3.125,
      3.75,
      3.75,
      3.75,
      3.75,
      3.75,
      3.75,
      3.75,
      4.375,
      4.375,
      4.375,
      4.375,
      4.375,
      4.375,
      4.375
    ],
    "Y": [
      4.9316390754214,
      4.8632781508430005,
      4.794917226264,
      4.726556301686,
      4.658195377107,
      4.589834452528,
      4.5214735279500005,
      4.9316390754214,
      4.8632781508430005,
      4.794917226264,
      4.726556301686,
      4.658195377107,
      4.589834452528,
      4.5214735279500005,
      4.9316390754214,
      4.8632781508430005,
      4.794917226264,
      4.726556301686,
      4.658195377107,
      4.589834452528,
      4.5214735279500005,
      4.9316390754214,
      4.8632781508430005,
      4.794917226264,
      4.726556301686,
      4.658195377107,
      4.589834452528,
      4.5214735279500005,
      4.9316390754214,
      4.8632781508430005,
      4.794917226264,
      4.726556301686,
      4.658195377107,
      4.589834452528,
      4.5214735279500005,
      4.9316390754214,
      4.8632781508430005,
      4.794917226264,
      4.726556301686,
      4.658195377107,
      4.589834452528,
      4.5214735279500005,
      4.9316390754214,
      4.8632781508430005,
      4.794917226264,
      4.726556301686,
      4.658195377107,
      4.589834452528,
      4.5214735279500005,
      2.1875,
      1.875,
      1.5625,
      1.25,
      0.9375,
      0.625,
      0.3125,
      2.1875,
      1.875,
      1.5625,
      1.25,
      0.9375,
      0.625,
      0.3125,
      2.1875,
      1.875,
      1.5625,
      1.25,
      0.9375,
      0.625,
      0.3125,
      2.1875,
      1.875,
      1.5625,
      1.25,
      0.9375,
      0.625,
      0.3125,
      2.1875,
      1.875,
      1.5625,
      1.25,
      0.9375,
      0.625,
      0.3125,
      2.1875,
      1.875,
      1.5625,
      1.25,
      0.9375,
      0.625,
      0.3125,
      2.1875,
      1.875,
      1.5625,
      1.25,
      0.9375,
      0.625,
      0.3125
    ],
    "VX": [
      0,
      0,
      0,
      0,
      0,
      0,
      0,
      0,
      0,
      0,
      0,
      0,
      0,
      0,
      0,
      0,
      0,
      0,
      0,
      0,
      0,
      0,
      0,
      0,
      0,
      0,
      0,
      0,
      0,
      0,
      0,
      0,
      0,
      0,
      0,
      0,
      0,
      0,
      0,
      0,
      0,
      0,
      0,
      0,
      0,
      0,
      0,
      0,
      0,
      0.000048333478199299995,
      0.00008693700739109999,
      0.000353119854464,
      0.00030167657945700003,
      0.0000886547642667,
      0.000248392817034,
      0.000217231447977,
      0.000293010453849,
      0.00010949942106500001,
      0.000261307424506,
      0.00035240527987800003,
      0.000307733971527,
      0.000247303449076,
      0.000124965516243,
      0.00032225548044199996,
      0.000263129932598,
      0.00035233059248199997,
      0.0000973100982092,
      0.000346591238011,
      0.00035306582833599995,
      0.000312295665856,
      0.000327264680205,
      0.00010415502608199998,
      0.00028665859545,
      0.0000787789341098,
      0.00017958024992099998,
      0.000192227272144,
      0.000062520033918,
      0.00033396574604099995,
      0.00008339386990589999,
      0.000247993552247,
      0.000353318546744,
      0.000352320983345,
      0.000122993532423,
      0.00032927502939700005,
      0.00035039285415099997,
      0.000265790603169,
      0.00024007673170499999,
      0.00031852748314300004,
      0.000246231053074,
      0.000256721115749,
      0.000118628091481,
      0.000265836759635,
      0.000241258270979,
      0.00010962277477399999,
      0.00020802321279399997,
      0.000210078060204,
      0.000300244018072,
      0.000251183907644
    ],
    "VY": [
      0,
      0,
      0,
      0,
      0,
      0,
      0,
      0,
      0,
      0,
      0,
      0,
      0,
      0,
      0,
      0,
      0,
      0,
      0,
      0,
      0,
      0,
      0,
      0,
      0,
      0,
      0,
      0,
      0,
      0,
      0,
      0,
      0,
      0,
      0,
      0,
      0,
      0,
      0,
      0,
      0,
      0,
      0,
      0,
      0,
      0,
      0,
      0,
      0,
      -0.00035005284571,
      -0.000342512885378,
      -0.0000133973238983,
      -0.000184022719553,
      -0.000342072291595,
      0.00025134464058299997,
      -0.000278717810544,
      -0.00019752972900299997,
      0.00033598064928,
      0.00023788978499,
      0.000026146483859900002,
      -0.000173703548243,
      0.000252416568353,
      0.000330540072691,
      0.00014499836285,
      0.000235872335121,
      -0.000027134360244300002,
      -0.00033971144327300004,
      0.00006890307422830001,
      -0.000014752652845800002,
      -0.000165361836564,
      -0.000133307722937,
      0.00033767565865200003,
      0.00020663970954,
      -0.00034448076788799997,
      -0.000304342001279,
      0.000296516096947,
      -0.000347799317514,
      0.000115498919369,
      0.00034339275235,
      0.000251738590503,
      -0.0000062549524956999994,
      0.0000272588444153,
      0.000331278901964,
      0.00012826174379,
      -0.0000458035769815,
      0.00023287008217399998,
      0.000259299600459,
      0.00015301425550200002,
      -0.000253462794916,
      0.00024283201731400001,
      0.00033286708430799996,
      -0.000232817390096,
      0.000258200632432,
      -0.000335940422032,
      -0.00028565619692799997,
      -0.000284148426927,
      -0.000186350877424,
      0.000248555354891
    ],