{
  "temperature_control": false,
  "epsilon": null,
  "sigma": 0.07,
  "lennard_jones_forces": true,
  "coulomb_forces": false,
  "width": 5,
  "height": 5,
  "atoms": {
    "X": [
      0.7889857326424243,
      4.416427341807854,
      1.2086359641626827,
      3.0891248549589103,
      3.613536507863752
    ],
    "Y": [
      2.118650279887072,
      0.23067673208088252,
      0.5584322585223185,
      0.2344729213358164,
      2.277724251715965
    ],
    "VX": [
      -0.00017959120690845754,
      0.0000839302418958901,
      0.0007177007483558939,
      -0.0000893101709223847,
      0.0003365439990585596
    ],
    "VY": [
      -0.00041491198997811463,
      0.00045500709920951495,
      -0.00008965887801276495,
      -0.00032360031846631333,
      -0.00013131542052701345
    ],
    "CHARGE": [
      0,
      0,
      0,
      0,
      0
    ]
  }
}